{"id":1726,"remoteAddress":"172.217.1.115","inMaxSpeed":0,"proxyMode":true,"interface":"pdp_ip0","notes":["01:21:31.333751 Rule matched: FINAL","01:21:31.334243 Use the last successful address: 172.217.1.115","01:21:31.334564 Connecting with address: 172.217.1.115","01:21:31.443755 Connected to address 172.217.1.115 in 108ms","01:21:31.444022 TCP connection established","01:21:31.541367 TLS handshake completed, negotiated cipher: TLS_AES_256_GCM_SHA384, protocol TLSv1.3"],"inCurrentSpeed":0,"failed":false,"status":"Completed","outCurrentSpeed":0,"completed":true,"sourcePort":53072,"completedDate":1651299691.951751,"outBytes":316,"sourceAddress":"127.0.0.1","localAddress":"100.72.73.237","requestHeader":"GET \/v1\/whois?url=199.212.0.160 HTTP\/1.1\r\nHost: api.techet.net:443\r\nConnection: keep-alive\r\nAccept: *\/*\r\nUser-Agent: Network Analyzer 7.7.6, gzip\r\nAuthorization: Basic V2hKajBDamVIWGtBb2p1dURHa2s6TzFIN0tpSFJnSWxLcDBKaGZTRlhGYnhtUW9JU1ZsMjhybVF1bmVlUA==\r\nAccept-Language: en-us\r\nAccept-Encoding: gzip, deflate, br\r\n\r\n","policyName":"DIRECT","inBytes":1322,"replicaDirectoryPath":"\/private\/var\/mobile\/Containers\/Shared\/AppGroup\/BF3339DD-DB0A-4876-A80B-2C20411C7505\/Replica\/2022-04-30-001853\/Requests\/001726 - 01.21.31 - GET - https%3A%2F%2Fapi.techet.net%2Fv1%2Fwhois%3Furl%3D199.212.0.160","method":"GET","pid":0,"replica":true,"rule":"FINAL","startDate":1651299691.332211,"setupCompletedDate":1651299691.444196,"URL":"https:\/\/api.techet.net\/v1\/whois?url=199.212.0.160","outMaxSpeed":101,"modified":false,"responseHeader":"HTTP\/1.1 200 OK\r\nContent-Type: application\/json; charset=utf-8\r\nVary: Accept-Encoding\r\nContent-Encoding: gzip\r\nX-Cloud-Trace-Context: ad11f83240e9cc29099302833bf4ece4\r\nDate: Sat, 30 Apr 2022 06:21:31 GMT\r\nServer: Google Frontend\r\nCache-Control: private\r\nTransfer-Encoding: chunked\r\n\r\n","timingRecords":[{"durationInMillisecond":0,"name":"Rule Evaluating"},{"durationInMillisecond":108,"name":"Establishing TCP Connection"}]}