{"id":1712,"remoteAddress":"199.212.0.160","inMaxSpeed":0,"proxyMode":true,"interface":"pdp_ip0","notes":["01:19:27.684787 Rule matched: FINAL","01:19:27.941669 Connecting with address: 199.212.0.160","01:19:27.941899 Connecting with address: 199.5.26.160","01:19:27.942080 Connecting with address: 199.71.0.160","01:19:27.942305 Connecting with address: 2001:500:13::160","01:19:27.942508 Connecting with address: 2001:500:31::160","01:19:27.942687 Connecting with address: 2001:500:a9::160","01:19:27.997125 Connected to address 199.212.0.160 in 55ms","01:19:27.997682 TCP connection established","01:19:28.111810 TLS handshake completed, negotiated cipher: TLS_AES_128_GCM_SHA256, protocol TLSv1.3"],"inCurrentSpeed":0,"failed":false,"status":"Completed","outCurrentSpeed":0,"completed":true,"sourcePort":53036,"completedDate":1651299568.2774661,"outBytes":359,"sourceAddress":"127.0.0.1","localAddress":"100.72.73.237","requestHeader":"GET \/registry\/entity\/INCAP-5 HTTP\/1.1\r\nHost: rdap.arin.net\r\nAccept: text\/html,application\/xhtml+xml,application\/xml;q=0.9,*\/*;q=0.8\r\nAccept-Language: en-US,en;q=0.9\r\nConnection: keep-alive\r\nAccept-Encoding: gzip, deflate, br\r\nUser-Agent: Mozilla\/5.0 (Macintosh; Intel Mac OS X 10_15_6) AppleWebKit\/605.1.15 (KHTML, like Gecko) Version\/15.4 Safari\/605.1.15\r\n\r\n","policyName":"DIRECT","inBytes":27040,"replicaDirectoryPath":"\/private\/var\/mobile\/Containers\/Shared\/AppGroup\/BF3339DD-DB0A-4876-A80B-2C20411C7505\/Replica\/2022-04-30-001853\/Requests\/001712 - 01.19.27 - GET - https%3A%2F%2Frdap.arin.net%2Fregistry%2Fentity%2FINCAP%2D5","method":"GET","pid":0,"replica":true,"rule":"FINAL","startDate":1651299567.683398,"setupCompletedDate":1651299567.997859,"URL":"https:\/\/rdap.arin.net\/registry\/entity\/INCAP-5","outMaxSpeed":15,"modified":false,"responseHeader":"HTTP\/1.1 200 \r\nDate: Sat, 30 Apr 2022 06:19:27 GMT\r\nServer: Apache\/2.4.6 (CentOS) OpenSSL\/1.0.2k-fips\r\nContent-Type: application\/rdap+json\r\nAccess-Control-Allow-Origin: *\r\nKeep-Alive: timeout=5, max=100\r\nConnection: Keep-Alive\r\nTransfer-Encoding: chunked\r\n\r\n","timingRecords":[{"durationInMillisecond":0,"name":"Rule Evaluating"},{"durationInMillisecond":256,"name":"DNS Lookup"},{"durationInMillisecond":55,"name":"Establishing TCP Connection"}]}