{"id":18,"remoteAddress":"23.41.182.180","inMaxSpeed":3162,"proxyMode":true,"interface":"pdp_ip0","notes":["23:55:39.588836 Rule matched: FINAL","23:55:39.750817 Connecting with address: 23.41.182.180","23:55:40.076458 Connected to address 23.41.182.180 in 325ms","23:55:40.076771 TCP connection established","23:55:40.152506 TLS handshake completed, negotiated cipher: TLS_AES_256_GCM_SHA384, protocol TLSv1.3"],"inCurrentSpeed":0,"failed":false,"status":"Completed","outCurrentSpeed":0,"completed":true,"sourcePort":49262,"completedDate":1651294540.5638351,"outBytes":921,"sourceAddress":"127.0.0.1","localAddress":"100.109.150.127","requestHeader":"GET \/signin HTTP\/1.1\r\nHost: www.paypal.com\r\nAccept: text\/html,application\/xhtml+xml,application\/xml;q=0.9,*\/*;q=0.8\r\nConnection: keep-alive\r\nCookie: tcs=main%3Amktg%3Apersonal%3A%3Ahome%7CHeaderMainMenu0-Cta-Log%20In; LANG=en_US%3BUS; enforce_policy=ccpa; l7_az=dcg14.slc; ts=vreXpYrS%3D1745988931%26vteXpYrS%3D1651296331%26vr%3D78d2e2a11800a7a097e7fe09fe730821%26vt%3D78d2e2a11800a7a097e7fe09fe730820%26vtyp%3Dnew; ts_c=vr%3D78d2e2a11800a7a097e7fe09fe730821%26vt%3D78d2e2a11800a7a097e7fe09fe730820; tsrce=authchallengenodeweb; x-pp-s=eyJ0IjoiMTY1MTI5NDUzMTM3NCIsImwiOiIwIiwibSI6IjAifQ; cookie_check=yes; nsid=s%3AMdST4XdEkKQL_ERK-8pNWu6znBpVUiqn.HjVRJfMXWiO8nFlTjXipdIrf0yUl2CGUNRyu6NEF8S0\r\nUser-Agent: Mozilla\/5.0 (Macintosh; Intel Mac OS X 10_15_6) AppleWebKit\/605.1.15 (KHTML, like Gecko) InspectBrowser\r\nAccept-Language: en-US,en;q=0.9\r\nReferer: https:\/\/www.paypal.com\/us\/home\r\nAccept-Encoding: gzip, deflate, br\r\n\r\n","policyName":"DIRECT","inBytes":10957,"replicaDirectoryPath":"\/private\/var\/mobile\/Containers\/Shared\/AppGroup\/BF3339DD-DB0A-4876-A80B-2C20411C7505\/Replica\/2022-04-29-235534\/Requests\/000018 - 23.55.39 - GET - https%3A%2F%2Fwww.paypal.com%2Fsignin","method":"GET","pid":0,"replica":true,"rule":"FINAL","startDate":1651294539.587323,"setupCompletedDate":1651294540.077178,"URL":"https:\/\/www.paypal.com\/signin","outMaxSpeed":890,"modified":false,"responseHeader":"HTTP\/1.1 200 OK\r\nCache-Control: max-age=0, no-cache, no-store, must-revalidate\r\nContent-Security-Policy: default-src 'self' https:\/\/*.paypal.com https:\/\/*.paypal.cn https:\/\/*.paypalobjects.com https:\/\/objects.paypal.cn 'unsafe-inline'; script-src 'nonce-SxK\/M14qoRniWs71DFQiiVRounyaijOZXZuBXOkjtNMMET3O' 'self' https:\/\/*.paypal.com https:\/\/*.paypal.cn https:\/\/*.paypalobjects.com https:\/\/objects.paypal.cn 'unsafe-inline' 'unsafe-eval'; img-src 'self' https:\/\/*.googleusercontent.com\/ https:\/\/*.paypal.com https:\/\/*.paypal.cn https:\/\/*.paypalobjects.com https:\/\/objects.paypal.cn https:\/\/ak1s.abmr.net https:\/\/ak1s.mathtag.com https:\/\/akamai.mathtag.com https:\/\/ak1.abmr.net data:; object-src 'none'; media-src 'self' https:\/\/*.paypal.com https:\/\/*.paypal.cn https:\/\/*.paypalobjects.com https:\/\/objects.paypal.cn; font-src 'self' https:\/\/*.paypal.com https:\/\/*.paypal.cn https:\/\/*.paypalobjects.com https:\/\/objects.paypal.cn; connect-src 'self' https:\/\/*.paypal.com https:\/\/*.paypal.cn https:\/\/*.paypalobjects.com https:\/\/objects.paypal.cn https:\/\/192.55.233.1 'unsafe-inline' https:\/\/*.qualtrics.com; frame-src 'self' https:\/\/*.paypal.com https:\/\/*.paypal.cn https:\/\/*.paypalobjects.com https:\/\/objects.paypal.cn https:\/\/smartlock.google.com https:\/\/*.qualtrics.com; base-uri 'self' https:\/\/*.paypal.com https:\/\/*.paypal.cn; upgrade-insecure-requests;; report-uri https:\/\/www.paypal.com\/csplog\/api\/log\/csp\r\nContent-Type: text\/html; charset=utf-8\r\nETag: W\/\"6725-R239c+FS9w8uf+VEI\/kDU0+DNJQ\"\r\nPaypal-Debug-Id: a7ae6d0c750ef\r\nX-Content-Type-Options: nosniff\r\nX-Frame-Options: SAMEORIGIN\r\nX-Xss-Protection: 1; mode=block\r\nDC: ccg11-origin-www-1.paypal.com\r\nX-EdgeConnect-MidMile-RTT: 30\r\nX-EdgeConnect-Origin-MEX-Latency: 91\r\nVary: Accept-Encoding\r\nContent-Encoding: gzip\r\nDate: Sat, 30 Apr 2022 04:55:40 GMT\r\nContent-Length: 7687\r\nConnection: keep-alive\r\nSet-Cookie: enforce_policy=ccpa; Max-Age=31536000; Domain=.paypal.com; Path=\/; Expires=Sun, 30 Apr 2023 04:55:40 GMT; Secure\r\nSet-Cookie: d_id=f592443bcdc549e0a17612f9a2970ad11651294540416; Max-Age=315619199; Domain=.paypal.com; Path=\/; Expires=Fri, 30 Apr 2032 04:55:39 GMT; HttpOnly; Secure\r\nSet-Cookie: LANG=en_US%3BUS; Max-Age=31556; Domain=.paypal.com; Path=\/; Expires=Sat, 30 Apr 2022 13:41:36 GMT; HttpOnly; Secure\r\nSet-Cookie: tsrce=unifiedloginnodeweb; Max-Age=259199; Domain=.paypal.com; Path=\/; Expires=Tue, 03 May 2022 04:55:39 GMT; HttpOnly; Secure\r\nSet-Cookie: HaC80bwXscjqZ7KM6VOxULOB534=; Path=\/; Expires=Thu, 01 Jan 1970 00:00:00 GMT; HttpOnly; Secure\r\nSet-Cookie: x-pp-s=eyJ0IjoiMTY1MTI5NDU0MDQ1MCIsImwiOiIwIiwibSI6IjAifQ; Domain=.paypal.com; Path=\/; HttpOnly; Secure\r\nSet-Cookie: l7_az=dcg14.slc; Path=\/; Domain=paypal.com; Expires=Sat, 30 Apr 2022 05:25:40 GMT; HttpOnly; Secure\r\nSet-Cookie: ts=vreXpYrS%3D1745988940%26vteXpYrS%3D1651296340%26vr%3D78d2e2a11800a7a097e7fe09fe730821%26vt%3D78d2e2a11800a7a097e7fe09fe730820%26vtyp%3Dnew; Path=\/; Domain=paypal.com; Expires=Tue, 29 Apr 2025 04:55:40 GMT; HttpOnly; Secure\r\nSet-Cookie: ts_c=vr%3D78d2e2a11800a7a097e7fe09fe730821%26vt%3D78d2e2a11800a7a097e7fe09fe730820; Path=\/; Domain=paypal.com; Expires=Tue, 29 Apr 2025 04:55:40 GMT; Secure\r\nServer-Timing: content-encoding;desc=\"\",x-cdn;desc=\"akamai\"\r\nStrict-Transport-Security: max-age=63072000\r\n\r\n","timingRecords":[{"durationInMillisecond":0,"name":"Rule Evaluating"},{"durationInMillisecond":160,"name":"DNS Lookup"},{"durationInMillisecond":325,"name":"Establishing TCP Connection"}]}