{"id":154,"remoteAddress":"104.17.208.240","inMaxSpeed":0,"proxyMode":true,"interface":"pdp_ip0","notes":["23:56:01.993653 Rule matched: FINAL","23:56:02.149538 Connecting with address: 104.17.209.240","23:56:02.149811 Connecting with address: 104.17.208.240","23:56:02.192797 Connected to address 104.17.208.240 in 42ms","23:56:02.229428 TCP connection established","23:56:02.324669 TLS handshake completed, negotiated cipher: TLS_AES_256_GCM_SHA384, protocol TLSv1.3"],"inCurrentSpeed":0,"failed":false,"status":"Completed","outCurrentSpeed":0,"completed":true,"sourcePort":49396,"completedDate":1651294562.5340061,"outBytes":614,"sourceAddress":"127.0.0.1","localAddress":"100.109.150.127","requestHeader":"POST \/WRSiteInterceptEngine\/Targeting.php?Q_ZoneID=ZN_1yNnlIufRcT75CB&Q_CLIENTVERSION=1.64.1&Q_CLIENTTYPE=hostedjs HTTP\/1.1\r\nHost: zn1ynnliufrct75cb-paypalxm.siteintercept.qualtrics.com\r\nContent-Type: application\/x-www-form-urlencoded\r\nOrigin: https:\/\/www.paypal.com\r\nAccept-Encoding: gzip, deflate, br\r\nConnection: keep-alive\r\nAccept: *\/*\r\nUser-Agent: Mozilla\/5.0 (Macintosh; Intel Mac OS X 10_15_6) AppleWebKit\/605.1.15 (KHTML, like Gecko) InspectBrowser\r\nReferer: https:\/\/www.paypal.com\/\r\nContent-Length: 67\r\nAccept-Language: en-US,en;q=0.9\r\n\r\n","policyName":"DIRECT","inBytes":8629,"replicaDirectoryPath":"\/private\/var\/mobile\/Containers\/Shared\/AppGroup\/BF3339DD-DB0A-4876-A80B-2C20411C7505\/Replica\/2022-04-29-235534\/Requests\/000154 - 23.56.01 - POST - (URL too long)","method":"POST","pid":0,"replica":true,"rule":"FINAL","startDate":1651294561.992166,"setupCompletedDate":1651294562.229532,"URL":"https:\/\/zn1ynnliufrct75cb-paypalxm.siteintercept.qualtrics.com\/WRSiteInterceptEngine\/Targeting.php?Q_ZoneID=ZN_1yNnlIufRcT75CB&Q_CLIENTVERSION=1.64.1&Q_CLIENTTYPE=hostedjs","outMaxSpeed":0,"modified":false,"responseHeader":"HTTP\/1.1 200 OK\r\nDate: Sat, 30 Apr 2022 04:56:02 GMT\r\nContent-Type: application\/json\r\nTransfer-Encoding: chunked\r\nConnection: keep-alive\r\nCF-Ray: 703db046f8858722-ORD\r\nAccess-Control-Allow-Origin: https:\/\/www.paypal.com\r\nCache-Control: no-store, no-cache, must-revalidate, max-age=0\r\nStrict-Transport-Security: max-age=31536000; includeSubDomains; preload\r\nCF-Cache-Status: DYNAMIC\r\naccess-control-allow-credentials: true\r\nExpect-CT: max-age=604800, report-uri=\"https:\/\/report-uri.cloudflare.com\/cdn-cgi\/beacon\/expect-ct\"\r\nreferrer-policy: strict-origin-when-cross-origin\r\ntiming-allow-origin: *\r\ntrace-id: 4a49e2d276a1c558\r\nx-content-type-options: nosniff\r\nVary: Accept-Encoding\r\nServer: cloudflare\r\nContent-Encoding: br\r\n\r\n","timingRecords":[{"durationInMillisecond":0,"name":"Rule Evaluating"},{"durationInMillisecond":152,"name":"DNS Lookup"},{"durationInMillisecond":42,"name":"Establishing TCP Connection"}]}