{"id":1480,"remoteAddress":"151.101.185.188","inMaxSpeed":0,"proxyMode":true,"interface":"pdp_ip0","notes":["01:04:55.302471 Rule matched: FINAL","01:04:55.303355 Use the last successful address: 151.101.185.188","01:04:55.303751 Connecting with address: 151.101.185.188","01:04:55.348785 Connected to address 151.101.185.188 in 44ms","01:04:55.348979 TCP connection established","01:04:55.393844 TLS handshake completed, negotiated cipher: ECDHE-RSA-AES128-GCM-SHA256, protocol TLSv1.2"],"inCurrentSpeed":0,"failed":false,"status":"Completed","outCurrentSpeed":0,"completed":true,"sourcePort":52565,"completedDate":1651298695.4494538,"outBytes":1415,"sourceAddress":"127.0.0.1","localAddress":"100.72.73.237","requestHeader":"POST \/log HTTP\/1.1\r\nHost: doppler-reporting.cbsivideo.com\r\nContent-Type: text\/plain;charset=UTF-8\r\nOrigin: https:\/\/www.paramountplus.com\r\nAccept-Language: en-US,en;q=0.9\r\nAccept-Encoding: gzip, deflate, br\r\nConnection: keep-alive\r\nAccept: *\/*\r\nUser-Agent: Mozilla\/5.0 (Macintosh; Intel Mac OS X 10_15_6) AppleWebKit\/605.1.15 (KHTML, like Gecko) Version\/15.4 Safari\/605.1.15\r\nReferer: https:\/\/www.paramountplus.com\/\r\nCache-Control: max-age=0\r\nContent-Length: 950\r\n\r\n","policyName":"DIRECT","inBytes":406,"replicaDirectoryPath":"\/private\/var\/mobile\/Containers\/Shared\/AppGroup\/BF3339DD-DB0A-4876-A80B-2C20411C7505\/Replica\/2022-04-30-001853\/Requests\/001480 - 01.04.55 - POST - https%3A%2F%2Fdoppler%2Dreporting.cbsivideo.com%2Flog","method":"POST","pid":0,"replica":true,"rule":"FINAL","startDate":1651298695.3008251,"setupCompletedDate":1651298695.3491549,"URL":"https:\/\/doppler-reporting.cbsivideo.com\/log","outMaxSpeed":0,"modified":false,"responseHeader":"HTTP\/1.1 204 No content\r\nConnection: close\r\nServer: Varnish\r\nRetry-After: 0\r\ncache-control: no-store, private\r\nAccept-Ranges: bytes\r\nDate: Sat, 30 Apr 2022 06:04:55 GMT\r\nVia: 1.1 varnish\r\nX-Served-By: cache-mdw17381-MDW\r\nX-Cache: HIT\r\nX-Cache-Hits: 0\r\nX-Timer: S1651298696.542561,VS0,VE0\r\nAccess-Control-Allow-Headers: client_ip,resolver_ip\r\nAccess-Control-Allow-Origin: *\r\nAccess-Control-Max-Age: 7200\r\n\r\n","timingRecords":[{"durationInMillisecond":0,"name":"Rule Evaluating"},{"durationInMillisecond":44,"name":"Establishing TCP Connection"}]}