{"id":21,"remoteAddress":"23.41.182.180","inMaxSpeed":0,"proxyMode":true,"interface":"pdp_ip0","notes":["23:55:40.601668 Rule matched: FINAL","23:55:40.603570 Reuse previous HTTP\/1.1 connection: #18"],"inCurrentSpeed":0,"failed":false,"status":"Completed","outCurrentSpeed":0,"completed":true,"sourcePort":49262,"completedDate":1651294540.899013,"outBytes":1001,"sourceAddress":"127.0.0.1","localAddress":"100.109.150.127","requestHeader":"GET \/auth\/createchallenge\/5d239b8830c6eacb\/recaptchav3.js?_sessionID=MdST4XdEkKQL_ERK-8pNWu6znBpVUiqn HTTP\/1.1\r\nHost: www.paypal.com\r\nAccept: *\/*\r\nConnection: keep-alive\r\nCookie: LANG=en_US%3BUS; d_id=f592443bcdc549e0a17612f9a2970ad11651294540416; enforce_policy=ccpa; l7_az=dcg14.slc; ts=vreXpYrS%3D1745988940%26vteXpYrS%3D1651296340%26vr%3D78d2e2a11800a7a097e7fe09fe730821%26vt%3D78d2e2a11800a7a097e7fe09fe730820%26vtyp%3Dnew; ts_c=vr%3D78d2e2a11800a7a097e7fe09fe730821%26vt%3D78d2e2a11800a7a097e7fe09fe730820; tsrce=unifiedloginnodeweb; x-pp-s=eyJ0IjoiMTY1MTI5NDU0MDQ1MCIsImwiOiIwIiwibSI6IjAifQ; tcs=main%3Amktg%3Apersonal%3A%3Ahome%7CHeaderMainMenu0-Cta-Log%20In; cookie_check=yes; nsid=s%3AMdST4XdEkKQL_ERK-8pNWu6znBpVUiqn.HjVRJfMXWiO8nFlTjXipdIrf0yUl2CGUNRyu6NEF8S0\r\nUser-Agent: Mozilla\/5.0 (Macintosh; Intel Mac OS X 10_15_6) AppleWebKit\/605.1.15 (KHTML, like Gecko) InspectBrowser\r\nAccept-Language: en-US,en;q=0.9\r\nReferer: https:\/\/www.paypal.com\/signin\r\nAccept-Encoding: gzip, deflate, br\r\n\r\n","policyName":"DIRECT","inBytes":13013,"replicaDirectoryPath":"\/private\/var\/mobile\/Containers\/Shared\/AppGroup\/BF3339DD-DB0A-4876-A80B-2C20411C7505\/Replica\/2022-04-29-235534\/Requests\/000021 - 23.55.40 - GET - https%3A%2F%2Fwww.paypal.com%2Fauth%2Fcreatechallenge%2F5d239b8830c6eacb%2Frecaptchav3.js%3F%5FsessionID%3DMdST4XdEkKQL%5FERK%2D8pNWu6znBpVUiqn","method":"GET","pid":0,"replica":true,"rule":"FINAL","startDate":1651294540.6000991,"setupCompletedDate":1651294540.603585,"URL":"https:\/\/www.paypal.com\/auth\/createchallenge\/5d239b8830c6eacb\/recaptchav3.js?_sessionID=MdST4XdEkKQL_ERK-8pNWu6znBpVUiqn","outMaxSpeed":0,"modified":false,"responseHeader":"HTTP\/1.1 200 OK\r\nCache-Control: max-age=0, no-cache, no-store, must-revalidate\r\nContent-Length: 9872\r\nContent-Security-Policy: default-src 'self' https:\/\/*.paypal.com https:\/\/*.paypal.cn https:\/\/*.paypalobjects.com https:\/\/objects.paypal.cn; script-src 'nonce-8xWaSf\/sb1UZvYw7EUSvyDO5cOqfQPZFpnR2tBR7M3\/\/8xg9' 'self' https:\/\/*.paypal.com https:\/\/*.paypal.cn https:\/\/*.paypalobjects.com https:\/\/objects.paypal.cn https:\/\/www.recaptcha.net https:\/\/www.gstatic.com 'unsafe-inline'; img-src https:\/\/*.paypalobjects.com https:\/\/objects.paypal.cn https:\/\/*.paypal.com https:\/\/*.paypal.cn https:\/\/ak1s.abmr.net https:\/\/ak1.abmr.net https:\/\/ak1s.mathtag.com https:\/\/akamai.mathtag.com; object-src 'none'; media-src 'self' https:\/\/*.paypal.com https:\/\/*.paypal.cn https:\/\/*.paypalobjects.com https:\/\/objects.paypal.cn; font-src 'self' https:\/\/*.paypal.com https:\/\/*.paypal.cn https:\/\/*.paypalobjects.com https:\/\/objects.paypal.cn; frame-src 'self' https:\/\/*.paypal.com https:\/\/*.paypal.cn https:\/\/*.paypalobjects.com https:\/\/objects.paypal.cn https:\/\/www.google.com https:\/\/www.recaptcha.net https:\/\/paypal-api.arkoselabs.com https:\/\/paypal-api.arkose.com.cn https:\/\/*.qualtrics.com; style-src 'self' 'unsafe-inline' https:\/\/*.paypal.com https:\/\/*.paypal.cn https:\/\/*.paypalobjects.com https:\/\/objects.paypal.cn; form-action 'self' https:\/\/*.paypal.com https:\/\/*.paypal.cn; base-uri 'self' https:\/\/*.paypal.com https:\/\/*.paypal.cn; upgrade-insecure-requests;; report-uri https:\/\/www.paypal.com\/csplog\/api\/log\/csp; connect-src 'self' https:\/\/*.paypal.com https:\/\/*.paypal.cn https:\/\/*.paypalobjects.com https:\/\/objects.paypal.cn https:\/\/*.qualtrics.com;\r\nContent-Type: text\/javascript; charset=utf-8\r\nETag: W\/\"2690-FCBCXRoIQ3Nu4NbuAc7YwPBGlTg\"\r\nPaypal-Debug-Id: ab1902fde58d9\r\nX-Content-Type-Options: nosniff\r\nX-Xss-Protection: 1; mode=block\r\nDC: ccg11-origin-www-1.paypal.com\r\nX-EdgeConnect-MidMile-RTT: 33\r\nX-EdgeConnect-Origin-MEX-Latency: 143\r\nDate: Sat, 30 Apr 2022 04:55:40 GMT\r\nConnection: keep-alive\r\nSet-Cookie: enforce_policy=ccpa; Max-Age=31536000; Domain=.paypal.com; Path=\/; Expires=Sun, 30 Apr 2023 04:55:40 GMT; Secure\r\nSet-Cookie: LANG=en_US%3BUS; Max-Age=31556; Domain=.paypal.com; Path=\/; Expires=Sat, 30 Apr 2022 13:41:36 GMT; HttpOnly; Secure\r\nSet-Cookie: x-pp-s=eyJ0IjoiMTY1MTI5NDU0MDgzNSIsImwiOiIwIiwibSI6IjAifQ; Domain=.paypal.com; Path=\/; HttpOnly; Secure\r\nSet-Cookie: tsrce=authchallengenodeweb; Domain=.paypal.com; Path=\/; Expires=Tue, 03 May 2022 04:55:40 GMT; HttpOnly; Secure; SameSite=None\r\nSet-Cookie: l7_az=dcg14.slc; Path=\/; Domain=paypal.com; Expires=Sat, 30 Apr 2022 05:25:40 GMT; HttpOnly; Secure\r\nSet-Cookie: ts=vreXpYrS%3D1745988940%26vteXpYrS%3D1651296340%26vr%3D78d2e2a11800a7a097e7fe09fe730821%26vt%3D78d2e2a11800a7a097e7fe09fe730820%26vtyp%3Dnew; Path=\/; Domain=paypal.com; Expires=Tue, 29 Apr 2025 04:55:40 GMT; HttpOnly; Secure\r\nSet-Cookie: ts_c=vr%3D78d2e2a11800a7a097e7fe09fe730821%26vt%3D78d2e2a11800a7a097e7fe09fe730820; Path=\/; Domain=paypal.com; Expires=Tue, 29 Apr 2025 04:55:40 GMT; Secure\r\nServer-Timing: content-encoding;desc=\"\",x-cdn;desc=\"akamai\"\r\nStrict-Transport-Security: max-age=63072000\r\n\r\n","timingRecords":[{"durationInMillisecond":0,"name":"Rule Evaluating"}]}